arm,n_cases,recall,recall_sd,victim_acc,family_rate,halluc,halluc_sd,tshark,out_tok,wall,reps
A,9,0.8696777777777778,0.08514691714912526,1.0,0.5185185185185185,0.2222222222222222,0.23570226039551584,12.333333333333334,12444.222222222223,188.48148148148147,3
B,9,0.8866703703703703,0.08617202021480772,1.0,0.5555555555555556,0.2222222222222222,0.28867513459481287,11.074074074074074,12149.259259259261,183.9,3
B2,9,0.8766444444444444,0.10618568118578364,0.9907407407407407,0.5555555555555556,0.07407407407407407,0.2222222222222222,11.11111111111111,12883.62962962963,192.9925925925926,3
B3,9,0.8812,0.09365533887611534,1.0,0.5185185185185185,0.14814814814814814,0.17568209223157663,10.25925925925926,12323.814814814814,187.12222222222223,3
B4,9,0.8877,0.0686888738362254,1.0,0.48148148148148145,0.18518518518518517,0.2421610524189263,11.666666666666666,12214.62962962963,189.3777777777778,3
C,9,0.8984555555555556,0.07800201742405269,1.0,0.48148148148148145,0.14814814814814814,0.2421610524189263,8.592592592592592,11033.555555555555,163.1074074074074,3
D1,9,0.9110814814814814,0.0843532125962529,1.0,0.5185185185185185,0.1111111111111111,0.23570226039551584,9.074074074074074,10683.111111111111,156.24074074074073,3
D2,9,0.9010740740740739,0.06912137428260558,1.0,0.4444444444444444,0.07407407407407407,0.1469861839480328,9.925925925925927,12186.37037037037,176.75925925925924,3
D3,9,0.8787037037037037,0.08131461096746463,1.0,0.48148148148148145,0.25925925925925924,0.364302140239,9.25925925925926,10569.407407407409,157.65925925925927,3
